control_start,policy_start,sleep_start,step_end,step_start
1744138692560,1744138692499,1744138692500,1744138692560,1744138692493
1744138692783,1744138692722,1744138692724,1744138692783,1744138692716
1744138692990,1744138692930,1744138692932,1744138692991,1744138692924
1744138729391,1744138729331,1744138729332,1744138729392,1744138729325
1744138729600,1744138729539,1744138729541,1744138729600,1744138729533
1744138729808,1744138729748,1744138729749,1744138729808,1744138729741
1744138730017,1744138729956,1744138729957,1744138730017,1744138729950
1744138730226,1744138730165,1744138730166,1744138730226,1744138730159
1744138730435,1744138730375,1744138730376,1744138730435,1744138730368
1744138730642,1744138730581,1744138730582,1744138730642,1744138730575
1744138730851,1744138730790,1744138730791,1744138730851,1744138730784
1744138731057,1744138730997,1744138730999,1744138731058,1744138730991
1744138731266,1744138731206,1744138731207,1744138731266,1744138731199
1744138731474,1744138731413,1744138731414,1744138731474,1744138731407
1744138731682,1744138731622,1744138731623,1744138731682,1744138731615
1744138731890,1744138731829,1744138731830,1744138731891,1744138731823
1744138732100,1744138732039,1744138732040,1744138732101,1744138732033
1744138732308,1744138732248,1744138732249,1744138732308,1744138732241
1744138732515,1744138732456,1744138732457,1744138732516,1744138732449
1744138732723,1744138732662,1744138732664,1744138732723,1744138732656
1744138732932,1744138732871,1744138732872,1744138732932,1744138732865
1744138733139,1744138733078,1744138733079,1744138733139,1744138733072
1744138733347,1744138733288,1744138733289,1744138733348,1744138733281
1744138733556,1744138733495,1744138733496,1744138733557,1744138733489
1744138733764,1744138733704,1744138733705,1744138733765,1744138733698
1744138733973,1744138733912,1744138733914,1744138733973,1744138733906
1744138734181,1744138734121,1744138734123,1744138734182,1744138734115
1744138734389,1744138734328,1744138734329,1744138734389,1744138734322
1744138734596,1744138734535,1744138734536,1744138734596,1744138734529
1744138734805,1744138734744,1744138734745,1744138734805,1744138734738
1744138735012,1744138734951,1744138734953,1744138735012,1744138734945
1744138735219,1744138735159,1744138735160,1744138735219,1744138735152
1744138735426,1744138735365,1744138735366,1744138735426,1744138735359
1744138735633,1744138735572,1744138735573,1744138735633,1744138735566
1744138735840,1744138735779,1744138735780,1744138735840,1744138735773
1744138736047,1744138735986,1744138735987,1744138736048,1744138735980
1744138736255,1744138736195,1744138736196,1744138736255,1744138736188
1744138736462,1744138736402,1744138736403,1744138736462,1744138736395
1744138736669,1744138736609,1744138736610,1744138736669,1744138736602
1744138736876,1744138736816,1744138736817,1744138736877,1744138736810
1744138737083,1744138737023,1744138737026,1744138737084,1744138737017
1744138737292,1744138737231,1744138737232,1744138737292,1744138737225
1744138737500,1744138737440,1744138737441,1744138737500,1744138737433
1744138737707,1744138737646,1744138737647,1744138737707,1744138737640
1744138737914,1744138737853,1744138737854,1744138737915,1744138737847
1744138738122,1744138738061,1744138738062,1744138738122,1744138738055
1744138738330,1744138738269,1744138738270,1744138738330,1744138738263
1744138738538,1744138738477,1744138738478,1744138738538,1744138738471
1744138738746,1744138738686,1744138738687,1744138738746,1744138738679
1744138738953,1744138738894,1744138738895,1744138738954,1744138738887
1744138739161,1744138739101,1744138739102,1744138739161,1744138739094
1744138739370,1744138739309,1744138739310,1744138739370,1744138739303
1744138739577,1744138739517,1744138739517,1744138739578,1744138739510
1744138739787,1744138739726,1744138739727,1744138739787,1744138739720
1744138739995,1744138739934,1744138739935,1744138739995,1744138739928
1744138740203,1744138740143,1744138740144,1744138740203,1744138740136
1744138740411,1744138740351,1744138740352,1744138740411,1744138740344
1744138740618,1744138740557,1744138740558,1744138740619,1744138740551
1744138740826,1744138740765,1744138740766,1744138740826,1744138740759
1744138741034,1744138740973,1744138740974,1744138741034,1744138740967
1744138741241,1744138741182,1744138741183,1744138741242,1744138741175
1744138741450,1744138741390,1744138741391,1744138741451,1744138741383
1744138741658,1744138741597,1744138741598,1744138741658,1744138741591
1744138741867,1744138741806,1744138741807,1744138741867,1744138741800
1744138742075,1744138742014,1744138742015,1744138742076,1744138742008
1744138742282,1744138742223,1744138742225,1744138742283,1744138742216
1744138742492,1744138742431,1744138742432,1744138742492,1744138742425
1744138742699,1744138742638,1744138742639,1744138742700,1744138742632
1744138742906,1744138742847,1744138742848,1744138742907,1744138742840
1744138743115,1744138743054,1744138743055,1744138743115,1744138743048
1744138743323,1744138743262,1744138743263,1744138743323,1744138743256
1744138743530,1744138743470,1744138743471,1744138743531,1744138743464
1744138743738,1744138743677,1744138743678,1744138743738,1744138743671
1744138743945,1744138743884,1744138743885,1744138743945,1744138743878
1744138744153,1744138744092,1744138744093,1744138744153,1744138744086
1744138744360,1744138744299,1744138744300,1744138744360,1744138744293
1744138744569,1744138744508,1744138744509,1744138744570,1744138744502
1744138744777,1744138744717,1744138744719,1744138744778,1744138744711
1744138744987,1744138744926,1744138744927,1744138744988,1744138744920
1744138745195,1744138745136,1744138745137,1744138745196,1744138745129
1744138745403,1744138745342,1744138745343,1744138745403,1744138745336
1744138745611,1744138745551,1744138745552,1744138745611,1744138745544
1744138745819,1744138745760,1744138745761,1744138745819,1744138745752
1744138746028,1744138745967,1744138745968,1744138746028,1744138745961
1744138746236,1744138746175,1744138746176,1744138746236,1744138746169
1744138746442,1744138746383,1744138746384,1744138746443,1744138746376
1744138746651,1744138746590,1744138746591,1744138746651,1744138746584
1744138746860,1744138746799,1744138746800,1744138746860,1744138746793
1744138747067,1744138747007,1744138747008,1744138747068,1744138747000
1744138747275,1744138747215,1744138747216,1744138747276,1744138747208
1744138747484,1744138747423,1744138747424,1744138747484,1744138747417
1744138747692,1744138747631,1744138747632,1744138747692,1744138747625
1744138747899,1744138747839,1744138747841,1744138747900,1744138747833
1744138748106,1744138748047,1744138748048,1744138748107,1744138748040
1744138748315,1744138748255,1744138748256,1744138748316,1744138748249
1744138748524,1744138748463,1744138748464,1744138748524,1744138748457
1744138748731,1744138748671,1744138748673,1744138748732,1744138748665
1744138748939,1744138748879,1744138748880,1744138748940,1744138748872
1744138749147,1744138749088,1744138749089,1744138749148,1744138749081
1744138749355,1744138749294,1744138749295,1744138749356,1744138749288
1744138749563,1744138749503,1744138749504,1744138749563,1744138749496
1744138749770,1744138749710,1744138749710,1744138749771,1744138749703
1744138749979,1744138749918,1744138749919,1744138749979,1744138749912
1744138750185,1744138750126,1744138750127,1744138750186,1744138750119
1744138750392,1744138750332,1744138750334,1744138750393,1744138750326
1744138750601,1744138750540,1744138750541,1744138750601,1744138750534
1744138750807,1744138750747,1744138750749,1744138750808,1744138750741
1744138751014,1744138750955,1744138750956,1744138751015,1744138750948
1744138751224,1744138751163,1744138751164,1744138751224,1744138751157
1744138751431,1744138751372,1744138751374,1744138751432,1744138751365
1744138751640,1744138751580,1744138751580,1744138751641,1744138751573
1744138751849,1744138751788,1744138751788,1744138751849,1744138751782
1744138752056,1744138751997,1744138751998,1744138752057,1744138751990
1744138752264,1744138752203,1744138752204,1744138752264,1744138752197
1744138752471,1744138752411,1744138752413,1744138752472,1744138752405
1744138752679,1744138752619,1744138752620,1744138752679,1744138752612
1744138752886,1744138752826,1744138752827,1744138752886,1744138752819
1744138753094,1744138753033,1744138753034,1744138753094,1744138753027
1744138753304,1744138753243,1744138753244,1744138753304,1744138753237
1744138753511,1744138753452,1744138753453,1744138753512,1744138753445
1744138753718,1744138753658,1744138753660,1744138753719,1744138753652
1744138753927,1744138753866,1744138753867,1744138753927,1744138753860
1744138754134,1744138754073,1744138754074,1744138754134,1744138754067
1744138754343,1744138754282,1744138754283,1744138754343,1744138754276
1744138754549,1744138754490,1744138754491,1744138754550,1744138754483
1744138754757,1744138754697,1744138754697,1744138754758,1744138754690
1744138754965,1744138754904,1744138754905,1744138754966,1744138754898
1744138755175,1744138755114,1744138755116,1744138755175,1744138755108
1744138755382,1744138755322,1744138755323,1744138755382,1744138755315
1744138755589,1744138755530,1744138755531,1744138755590,1744138755523
1744138755798,1744138755737,1744138755738,1744138755798,1744138755731
1744138756005,1744138755945,1744138755945,1744138756006,1744138755938
1744138756214,1744138756153,1744138756154,1744138756214,1744138756147
1744138756422,1744138756361,1744138756362,1744138756422,1744138756355
1744138756631,1744138756570,1744138756571,1744138756631,1744138756564
1744138756837,1744138756777,1744138756779,1744138756838,1744138756771
1744138757044,1744138756985,1744138756986,1744138757045,1744138756978
1744138757251,1744138757192,1744138757193,1744138757252,1744138757185
1744138757458,1744138757398,1744138757400,1744138757459,1744138757392
1744138757666,1744138757605,1744138757606,1744138757667,1744138757599
1744138757875,1744138757815,1744138757816,1744138757875,1744138757808
1744138758082,1744138758022,1744138758024,1744138758083,1744138758016
1744138758290,1744138758230,1744138758231,1744138758291,1744138758224
1744138758498,1744138758437,1744138758438,1744138758498,1744138758431
1744138758706,1744138758646,1744138758647,1744138758706,1744138758639
1744138758913,1744138758854,1744138758855,1744138758914,1744138758847
1744138759122,1744138759061,1744138759062,1744138759122,1744138759055
1744138759329,1744138759269,1744138759270,1744138759329,1744138759262
1744138759538,1744138759477,1744138759478,1744138759539,1744138759471
1744138759746,1744138759685,1744138759686,1744138759746,1744138759679
1744138759952,1744138759892,1744138759894,1744138759953,1744138759886
1744138760162,1744138760101,1744138760102,1744138760162,1744138760095
1744138760370,1744138760310,1744138760311,1744138760370,1744138760303
1744138760578,1744138760517,1744138760518,1744138760578,1744138760511
1744138760787,1744138760726,1744138760727,1744138760787,1744138760720
1744138760995,1744138760935,1744138760936,1744138760995,1744138760928
1744138761201,1744138761142,1744138761143,1744138761202,1744138761135
1744138761409,1744138761348,1744138761349,1744138761409,1744138761342
1744138761616,1744138761555,1744138761556,1744138761616,1744138761549
1744138761822,1744138761763,1744138761764,1744138761823,1744138761756
1744138762030,1744138761969,1744138761970,1744138762030,1744138761963
1744138762237,1744138762177,1744138762178,1744138762237,1744138762170
1744138762444,1744138762385,1744138762386,1744138762445,1744138762378
1744138762652,1744138762591,1744138762592,1744138762652,1744138762585
1744138762861,1744138762800,1744138762801,1744138762861,1744138762794
1744138763069,1744138763008,1744138763009,1744138763069,1744138763002
1744138763278,1744138763217,1744138763218,1744138763278,1744138763211
1744138763485,1744138763424,1744138763425,1744138763485,1744138763418
1744138763694,1744138763633,1744138763634,1744138763694,1744138763627
1744138763902,1744138763841,1744138763842,1744138763902,1744138763835
1744138764110,1744138764050,1744138764050,1744138764111,1744138764043
1744138764319,1744138764258,1744138764259,1744138764320,1744138764252
1744138764527,1744138764467,1744138764468,1744138764528,1744138764460
1744138764737,1744138764676,1744138764677,1744138764738,1744138764670
1744138764945,1744138764885,1744138764887,1744138764946,1744138764879
1744138765154,1744138765093,1744138765094,1744138765154,1744138765087
1744138765362,1744138765301,1744138765302,1744138765362,1744138765295
1744138765570,1744138765509,1744138765510,1744138765570,1744138765503
1744138765777,1744138765717,1744138765717,1744138765778,1744138765710
1744138765986,1744138765925,1744138765926,1744138765987,1744138765919
1744138766194,1744138766133,1744138766134,1744138766194,1744138766127
1744138766402,1744138766342,1744138766342,1744138766403,1744138766335
1744138766611,1744138766550,1744138766551,1744138766611,1744138766544
1744138766818,1744138766759,1744138766760,1744138766819,1744138766752
1744138767027,1744138766966,1744138766967,1744138767027,1744138766960
1744138767235,1744138767175,1744138767176,1744138767235,1744138767168
1744138767444,1744138767383,1744138767384,1744138767444,1744138767377
1744138767651,1744138767591,1744138767592,1744138767651,1744138767584
1744138767858,1744138767799,1744138767800,1744138767859,1744138767792
1744138768068,1744138768007,1744138768009,1744138768069,1744138768001
1744138768277,1744138768216,1744138768217,1744138768277,1744138768210
1744138768485,1744138768425,1744138768426,1744138768485,1744138768418
1744138768691,1744138768631,1744138768633,1744138768692,1744138768625
1744138768900,1744138768840,1744138768841,1744138768900,1744138768833
1744138769107,1744138769047,1744138769049,1744138769108,1744138769041
1744138769316,1744138769255,1744138769256,1744138769316,1744138769249
1744138769523,1744138769462,1744138769464,1744138769523,1744138769456
1744138769730,1744138769669,1744138769670,1744138769730,1744138769663
1744138777626,1744138777566,1744138777567,1744138777627,1744138777560
1744138777834,1744138777775,1744138777776,1744138777835,1744138777768
1744138778042,1744138777982,1744138777983,1744138778043,1744138777976
1744138778250,1744138778189,1744138778190,1744138778250,1744138778183
1744138778458,1744138778398,1744138778399,1744138778458,1744138778391
1744138778665,1744138778606,1744138778608,1744138778665,1744138778598
1744138778873,1744138778812,1744138778813,1744138778873,1744138778806
1744138779081,1744138779020,1744138779021,1744138779081,1744138779014
1744138779287,1744138779227,1744138779229,1744138779288,1744138779221
1744138779495,1744138779435,1744138779436,1744138779496,1744138779429
1744138779703,1744138779644,1744138779645,1744138779703,1744138779636
1744138786860,1744138786799,1744138786800,1744138786860,1744138786793
1744138787068,1744138787007,1744138787008,1744138787069,1744138787001
1744138787276,1744138787216,1744138787218,1744138787277,1744138787210
1744138787486,1744138787425,1744138787426,1744138787486,1744138787419
1744138787693,1744138787633,1744138787634,1744138787694,1744138787627
1744138787901,1744138787842,1744138787843,1744138787902,1744138787835
1744138788110,1744138788050,1744138788051,1744138788110,1744138788043
1744138788319,1744138788258,1744138788260,1744138788319,1744138788252
1744138788528,1744138788467,1744138788468,1744138788529,1744138788461
1744138788735,1744138788676,1744138788678,1744138788736,1744138788669
1744138788943,1744138788883,1744138788885,1744138788944,1744138788877
1744138789151,1744138789091,1744138789092,1744138789151,1744138789084
1744138789359,1744138789299,1744138789300,1744138789360,1744138789293
1744138789567,1744138789506,1744138789507,1744138789567,1744138789500
1744138789777,1744138789716,1744138789717,1744138789777,1744138789710
1744138789984,1744138789924,1744138789925,1744138789985,1744138789918
1744138790192,1744138790132,1744138790134,1744138790193,1744138790126
1744138790401,1744138790340,1744138790341,1744138790401,1744138790334
1744138790609,1744138790548,1744138790549,1744138790609,1744138790542
1744138790817,1744138790756,1744138790757,1744138790817,1744138790750
1744138791024,1744138790964,1744138790965,1744138791024,1744138790957
1744138791232,1744138791171,1744138791172,1744138791232,1744138791165
1744138791438,1744138791379,1744138791380,1744138791439,1744138791372
1744138791646,1744138791587,1744138791588,1744138791647,1744138791580
1744138791854,1744138791793,1744138791794,1744138791854,1744138791787
1744138792063,1744138792002,1744138792003,1744138792063,1744138791996
1744138792269,1744138792209,1744138792211,1744138792270,1744138792203
1744138792479,1744138792419,1744138792420,1744138792479,1744138792412
1744138792687,1744138792626,1744138792627,1744138792687,1744138792620
1744138792895,1744138792834,1744138792836,1744138792895,1744138792828
1744138793103,1744138793042,1744138793044,1744138793103,1744138793036
1744138793311,1744138793250,1744138793251,1744138793311,1744138793244
1744138793520,1744138793459,1744138793460,1744138793520,1744138793453
1744138793727,1744138793667,1744138793668,1744138793728,1744138793661
1744138793936,1744138793875,1744138793876,1744138793937,1744138793869
1744138794143,1744138794084,1744138794085,1744138794144,1744138794077
1744138794351,1744138794290,1744138794291,1744138794352,1744138794284
1744138794558,1744138794499,1744138794500,1744138794559,1744138794492
1744138794766,1744138794707,1744138794709,1744138794767,1744138794700
