0,1,2,3,4,5,6,7,8,9,10,11,12,13,14
4.58760404586792,-1.5208748218468209,1.9479897657977503,4.305420084590576,-1.5620892683612269,-0.18864995638002569,-0.09408958648908194,0.6844766525216159,0.4387521918787589,0.9994024607647618,0.03242369065499166,-0.008548221416377661,0.008387706019224209,1.0,0.0
4.617068290710449,-1.5195066046765824,1.9378827253924769,4.310809298152588,-1.5800569693194788,-0.1578152815448206,-0.11131687283338952,0.6844729455758007,0.4434738041335754,0.9994582116614662,0.031880284557651184,0.0005182691941876778,0.008164679787325492,1.0,0.0
4.6644368171691895,-1.5132477705231686,1.9244397322284144,4.315874262447021,-1.6061094442950647,-0.11006099382509404,-0.14058325305117184,0.6840268663698483,0.4474642823864613,0.9993626750690966,0.03176485862090631,0.014159916500817967,0.008045756659424906,1.0,0.0
4.693728923797607,-1.508259580736496,1.9173463026629847,4.31823651372876,-1.6197741667376917,-0.08225375810732061,-0.1592230208697767,0.6830268440191877,0.4483446386204656,0.9992099448530467,0.032542416965829546,0.021287363855348955,0.008205202306075835,1.0,0.0
4.699578285217285,-1.5075525802424927,1.9172819296466272,4.31821267187085,-1.6185010115252894,-0.07795411745180303,-0.16312153058542234,0.6823132047173274,0.4479876354017203,0.9991954889823627,0.033307869129717546,0.020731739254366357,0.008315986942245201,1.0,0.0
4.740584850311279,-1.5058647108129044,1.9168227354632776,4.320460005397461,-1.6135366598712366,-0.045574490224019826,-0.19124616208105188,0.6754801738593548,0.44682681843663175,0.999080571151058,0.03756843206044545,0.018466226834652603,0.00925330900201484,1.0,0.0
4.779818534851074,-1.5005993408015748,1.905569855366842,4.328419848079346,-1.607624355946676,-0.014414135609762013,-0.21899116065753818,0.6714967818389642,0.4493805005516384,0.9989564063691752,0.041736732981624114,0.015836976581070496,0.009660924737014243,1.0,0.0
4.7859907150268555,-1.4893154141357918,1.8587034384356897,4.360267325038574,-1.5970771948443812,-0.013028923665181935,-0.22570091586213187,0.6849820341112739,0.4680704090126076,0.998940528499208,0.04409283164681529,0.010528144085269999,0.007924701963384798,1.0,0.0
4.778919696807861,-1.4903596502593537,1.8501089254962366,4.366248770351074,-1.5908239523517054,-0.02212840715517217,-0.22171441258468885,0.6883616333868195,0.47386868549064565,0.9989391300842824,0.0450476590691687,0.0071916759382218455,0.0062930593549180664,1.0,0.0
4.773279190063477,-1.4914564055255433,1.8609455267535608,4.35316435872998,-1.5844066778766077,-0.028845135365621388,-0.21833650873811097,0.6872770509905635,0.46911426434677406,0.9989427475862172,0.04556493179973794,0.00394810619838576,0.004651504319092042,1.0,0.0
4.759560585021973,-1.4874947381070633,1.8672755400287073,4.341898127193115,-1.5784242788897913,-0.04180747667421514,-0.20979025783485863,0.690450013636024,0.46357133410649054,0.9989708527271549,0.04514877312641053,0.0009204126839004052,0.004239873494836393,1.0,0.0
4.723212242126465,-1.4752059143832703,1.8580129782306116,4.341012163753174,-1.5701940695392054,-0.07385903993715459,-0.1853867724133939,0.7043151039493407,0.4610381539922269,0.9990571516374619,0.042966634873261564,-0.003415879020119567,0.005196904870125024,1.0,0.0
4.693907737731934,-1.4604988631657143,1.8476656118976038,4.342360659236572,-1.5614154974566858,-0.09692174593080694,-0.16583858712048588,0.7165983168000686,0.45735570562833233,0.999143749800916,0.03988043983348634,-0.007969533774505128,0.00760291285423862,1.0,0.0
4.674693584442139,-1.4452541184476395,1.8335068861590784,4.348400755519531,-1.5494945685016077,-0.11114579836000615,-0.15284634946978531,0.7281071553880065,0.45468481884499995,0.9991452011123556,0.03721464539234344,-0.014489165791441164,0.010677140869202493,1.0,0.0
4.64407205581665,-1.4322996747544785,1.8244803587542933,4.354375048274658,-1.5347464720355433,-0.1319964567767542,-0.13202957169726284,0.7383168954243307,0.4505566809406084,0.9991222468031206,0.03218935966582457,-0.022555002798913842,0.014486300981587026,1.0,0.0
4.612298488616943,-1.425855667596199,1.8481114546405237,4.339162512416504,-1.5227821508990687,-0.1495431105243128,-0.11023660350285673,0.7377785459279691,0.4327332754972004,0.9990417815258362,0.024760002466598117,-0.029703165915996085,0.020498365254434586,1.0,0.0
4.613152027130127,-1.4255769711783906,1.8734143416034144,4.328691168422363,-1.5107696692096155,-0.1379030386554163,-0.112686198575984,0.730006717976252,0.41758183660633513,0.9987811719232634,0.0189178096601026,-0.03639360697319566,0.02745528110831883,1.0,0.0
4.6300368309021,-1.4084153783372422,1.8222640196429651,4.367824240321777,-1.5007575193988245,-0.11737329164613897,-0.12487387719253562,0.7456054073941458,0.4329784362156235,0.9985492785621171,0.016914509264727925,-0.041206665297867866,0.03025307247931022,1.0,0.0
4.623372554779053,-1.3809823852828522,1.7635510603534144,4.400842829341553,-1.494218651448385,-0.12117988268007451,-0.1188213306488382,0.7696287330805065,0.44655078682121596,0.9984098884266067,0.015405076381208239,-0.04480822653372881,0.03053851909575516,1.0,0.0
4.602084159851074,-1.3517242234996338,1.7233594099627894,4.415012522334717,-1.4872406164752405,-0.13810903230776006,-0.10112705668140196,0.7914323347742255,0.4485766443098633,0.998232927051127,0.013053078679905872,-0.04910564129578334,0.030810330748721828,1.0,0.0
4.58628511428833,-1.3211697202971955,1.6932876745807093,4.416944666499756,-1.4805830160724085,-0.1489804426776331,-0.08698613675485314,0.8108813275781154,0.44372730854216563,0.9980570298836763,0.010369637600186358,-0.053089949545191084,0.030920753113480085,1.0,0.0
4.577104091644287,-1.2890368861011048,1.6596153418170374,4.418625040645264,-1.4752405325519007,-0.15348655382265264,-0.0777241761352004,0.830675925260675,0.4395083987442897,0.9979402635293638,0.007969899240457089,-0.0560256654616124,0.030213174984180496,1.0,0.0
4.568911075592041,-1.259906755094864,1.630045239125387,4.418928785915039,-1.4696205298053187,-0.15703183809389287,-0.06900087048520127,0.8482626032080033,0.43472217996563706,0.9978091314555912,0.005500290422460035,-0.05899831420673752,0.029425888429583227,1.0,0.0
4.574105262756348,-1.231687383060791,1.6191991011248987,4.401135607356689,-1.4649699370013636,-0.14959365526308233,-0.07209207334845176,0.8608509712464786,0.4201172815942148,0.9976931035779991,0.004204935017962639,-0.061137556334895975,0.029205971988480108,1.0,0.0
4.571335315704346,-1.2217141550830384,1.6236823240863245,4.386640234584473,-1.4592307249652308,-0.1493309179889124,-0.07014559554121973,0.8637698679177243,0.4103277803839541,0.9975363812637972,0.002605498391769624,-0.06393300887741858,0.028756735022226355,1.0,0.0
4.563600540161133,-1.2188022595695038,1.617443863545553,4.391278906459473,-1.4541176001178187,-0.15238982835878545,-0.06367491456069173,0.8664124673311769,0.41147321858820834,0.9973611765460159,0.00011079563850802138,-0.06673265760861793,0.02859062174147531,1.0,0.0
4.562774181365967,-1.1996659499457856,1.597579304371969,4.394200487727783,-1.451125446950094,-0.148660961781637,-0.06162891146362376,0.8773705051088487,0.407527870414286,0.9972154874337585,-0.0023148107500881652,-0.06843252074559593,0.029544938277921096,1.0,0.0
4.566493511199951,-1.2011938256076355,1.5917938391314905,4.397157831782959,-1.4495628515826624,-0.13944799104799444,-0.06486929453710033,0.8784908763101581,0.4122021778088564,0.9972383847702604,-0.0049570105928444875,-0.06871306914830266,0.027740694205533177,1.0,0.0
4.574892520904541,-1.2017571789077302,1.5811832586871546,4.399332686061523,-1.4455779234515589,-0.12557584444154912,-0.07218650846562952,0.8810693843867677,0.4192519945789052,0.997248652680515,-0.0074567052424215985,-0.06980126817609643,0.023818170266291717,1.0,0.0
4.58677864074707,-1.1778168839267273,1.5481751600848597,4.4027978616901855,-1.4409073034869593,-0.112830940877096,-0.08116168152218635,0.8961418281378719,0.41937820000918546,0.9971711870258675,-0.0077890730673050405,-0.07156950180117497,0.02160464112421512,1.0,0.0
4.598262786865234,-1.1662138861468812,1.523343865071432,4.409158869380615,-1.4380105177508753,-0.10206538835634404,-0.09064784333389421,0.9054198759631976,0.4245148464126735,0.9971652298786343,-0.007272318485610273,-0.07248435025391885,0.018831799521056694,1.0,0.0
4.605956554412842,-1.1723401111415406,1.5322697798358362,4.4011804300495605,-1.4373481909381312,-0.09646445909609014,-0.09810840438725632,0.9012857969736189,0.4251104942282743,0.9972197973241841,-0.006056696070375417,-0.07237088264311277,0.01668674932038678,1.0,0.0
4.611629009246826,-1.166299895649292,1.5335081259356897,4.390148325557373,-1.4367383162127894,-0.0950096289264124,-0.10304433109581362,0.903094715668526,0.4202201166396334,0.9972519279274163,-0.003866095754664953,-0.07243743355795432,0.015048713174355443,1.0,0.0
4.606016159057617,-1.1521181625178833,1.5264161268817347,4.382106466884277,-1.4343631903277796,-0.10432511964906865,-0.09760941857592276,0.9102061179134242,0.4131311927802147,0.9971821279189218,-0.0020717454581599707,-0.07368737214288855,0.013916997396105371,1.0,0.0
4.605673313140869,-1.1383067828467865,1.5101669470416468,4.382186575526855,-1.4322870413409632,-0.10862619081606084,-0.09648884242347104,0.9186773333057779,0.411274148172788,0.9971319786011491,-5.167068255864998e-05,-0.07464693055234957,0.012475990550280888,1.0,0.0
4.610873699188232,-1.1260306996158143,1.499176327382223,4.3746701914021,-1.4300430456744593,-0.10786277452577764,-0.1008053209327439,0.9254953081822298,0.4081497381273858,0.9971017110329006,0.0023300301190582076,-0.07544776033307991,0.009507064511644403,1.0,0.0
4.621373653411865,-1.1171827775290986,1.4846656958209437,4.372296972865723,-1.4282620588885706,-0.10060197511781865,-0.10995721253153427,0.9313002241253294,0.409720534610454,0.9970886683520367,0.004182190499506561,-0.07589294481258158,0.006079280735597432,1.0,0.0
4.6438798904418945,-1.0965183538249512,1.4311283270465296,4.396588488216064,-1.4259503523456019,-0.08390647569765264,-0.12976604206144957,0.9470702747522999,0.42250331437812444,0.9970220602318696,0.007455662870196214,-0.07668595704781386,0.003269326203536167,1.0,0.0
4.661916732788086,-1.0658624333194275,1.374659840260641,4.416717215175293,-1.4240458647357386,-0.07450944582094365,-0.14603962706517085,0.9665890344717073,0.428806913034622,0.9969205019144978,0.011879529024726174,-0.07750255097431147,0.0013206987434975135,1.0,0.0
4.673961639404297,-1.0380174678615113,1.3448894659625452,4.414470835322998,-1.4230178038226526,-0.07194167772401983,-0.15722650200361915,0.98046039931178,0.421901851064008,-0.9968177892892433,-0.0167801192141312,0.07792750973386764,0.0001605688124694886,1.0,0.0
4.686705112457275,-1.020213560467102,1.3340132872210901,4.401960535640381,-1.4236825148211878,-0.06784087816347295,-0.16939632025810364,0.9872212214874955,0.41331959813909397,-0.996762113409674,-0.02121499594688446,0.07752364831395248,0.0023015582000676387,1.0,0.0
4.700224876403809,-1.0090713065913697,1.3454392592059534,4.373541517848633,-1.4282854239093226,-0.06170350710024053,-0.18204691500308529,0.9873561324784009,0.3982041822557071,-0.996846997350285,-0.02500073304458102,0.07518074619560214,0.004345413953455583,1.0,0.0
4.713254928588867,-1.0055115979960938,1.360852066670553,4.349309130305908,-1.435371224080221,-0.05489570299257451,-0.19425763228443477,0.9835877861408046,0.3870914757568418,-0.9970146391815041,-0.028305456595642414,0.0715737095954935,0.006149347886336386,1.0,0.0
4.726969242095947,-1.0029921692660828,1.3633721510516565,4.34019581853833,-1.4427488485919397,-0.04676229158510381,-0.20671550535352914,0.9816847917135951,0.38393097325691433,-0.9971723763793748,-0.031155767857606518,0.06798961732114994,0.00734723428488332,1.0,0.0
4.741886615753174,-1.0057436388782044,1.3728449980365198,4.3295838075825195,-1.4511573950396937,-0.038459602986471,-0.22050426136627668,0.9761295309199987,0.381566261693745,-0.9973279799642596,-0.03457624421712635,0.06379217117301533,0.008481899155238516,1.0,0.0
4.7482757568359375,-1.0103393954089661,1.3822839895831507,4.321429415340088,-1.4592154661761683,-0.038799587880269826,-0.22563853677973883,0.9717592915859706,0.3807920134919951,-0.997440252455549,-0.037862431785724286,0.05983326285507693,0.009967933426631643,1.0,0.0
4.752222537994385,-1.0090665382197876,1.3797596136676233,4.320244951839111,-1.4670699278460901,-0.04256135622133428,-0.228716311370872,0.9720319408312545,0.3812422409038625,-0.9974994178596723,-0.04186736980763174,0.055829003844073063,0.011187360939230015,1.0,0.0
4.75947904586792,-1.0043994349292298,1.374296013508932,4.318211718196533,-1.47534686723818,-0.044149223958150685,-0.23484563691436922,0.973294715521377,0.38045477812590656,-0.997511373404183,-0.04622456077585226,0.05176200498802776,0.01245169667151151,1.0,0.0
4.767460346221924,-0.9903313678554078,1.3738330046283167,4.302982969875,-1.4822829405414026,-0.04489261308778936,-0.2421570758267475,0.9760005602024854,0.36861033774789626,-0.9974627554189294,-0.050601686958172146,0.048331711591849,0.013098338965927589,1.0,0.0
4.770954132080078,-0.9668045204928895,1.3693440596209925,4.2857276636311035,-1.491427246724264,-0.0500262419330042,-0.24494630319853034,0.9827320029419889,0.35043646854645283,-0.9974650227164553,-0.054721963029623726,0.04378803136130371,0.01231436270974883,1.0,0.0
4.766351699829102,-0.9489051860621949,1.3615887800799769,4.279054327602051,-1.5002997557269495,-0.062192742024556935,-0.23974439268825845,0.9902740143288921,0.3380908148779289,-0.997463146744275,-0.05837773917433562,0.039251651813544924,0.010891202220612982,1.0,0.0
4.766820430755615,-0.9441758555224915,1.363744084035055,4.273950739497803,-1.5085938612567347,-0.06472665468324834,-0.23924733912368448,0.9908259591793501,0.3324794257795791,-0.9975443929706078,-0.05975446750972613,0.035134366997985056,0.01000819270307312,1.0,0.0
4.768375873565674,-0.944859043960907,1.3715398947345179,4.26889626562085,-1.516655747090475,-0.06608945528139287,-0.2397131353784546,0.9882663715556823,0.3287683178696698,-0.9976021623109141,-0.06118295361166582,0.031079544716719153,0.008979634744415788,1.0,0.0
4.773583889007568,-0.9392240804484864,1.3709762732135218,4.265603228206299,-1.525616470967428,-0.0662468115435999,-0.24399824409572998,0.9884124623495617,0.3238548547764265,-0.9975764544890503,-0.06377936863542245,0.026633098046878367,0.008005477746355306,1.0,0.0
4.775600910186768,-0.9335581225207825,1.3740194479571741,4.26078383504834,-1.5350897947894495,-0.07102376619447881,-0.24483076625806466,0.9883014728326103,0.31671715887492125,-0.9974906285657488,-0.06705491248498789,0.021888389061942286,0.00608136986303018,1.0,0.0
4.77260160446167,-0.9330617350390931,1.375697437916891,4.2626306253620605,-1.5429046789752405,-0.08143359819521123,-0.24100456011682284,0.9882855070004953,0.3148528298027748,-0.9973250749223478,-0.07074156549031341,0.01791455614333075,0.0041706739623969214,1.0,0.0
4.7724289894104,-0.9310258191875,1.3711474577533167,4.270723028773926,-1.550885025654928,-0.0891497770892542,-0.23995881763109053,0.9893615872798553,0.31473790236153365,-0.9971217946086208,-0.07450345803649429,0.013979793307411765,0.0013881052444318623,0.0,0.0
4.774686336517334,-0.9278917473605652,1.36078387895693,4.282831831569336,-1.5601604620562952,-0.0949023405658167,-0.24126387743520447,0.9915255073150414,0.3165478684636267,0.9968728305989963,0.07843845007995665,-0.009525594421677285,0.0011100511307056353,0.0,0.0
4.777156829833984,-0.9253682655147095,1.348142449055807,4.295895739192627,-1.5684688727008265,-0.09985906282533819,-0.24298165969362714,0.994286705800251,0.32076614354277294,0.9965948688179417,0.08223971128602203,-0.005346229638965818,0.0025913629596799877,0.0,0.0
4.777676582336426,-0.9239199918559571,1.345881764088766,4.29902903615918,-1.574822250996725,-0.10539228120912725,-0.24282753087506362,0.9948806093725879,0.3203103328181501,0.996347443576902,0.08527810245018616,-0.0021502898805216084,0.0038461895036245967,0.0,0.0
4.778411388397217,-0.9211892646602173,1.3453543821917933,4.299101038570068,-1.5786035696612757,-0.10938626924623662,-0.24306276590710382,0.9952747719268884,0.31797307430561805,0.9961491258916123,0.08753314009164796,-0.00036795344778246054,0.004973226451000726,0.0,0.0
4.779228210449219,-0.9182148736766358,1.3404863516436976,4.302553339595459,-1.581909481679098,-0.11311608949770147,-0.2437149956469318,0.9967835544991449,0.31759391674781345,0.9959303246352924,0.089927165602824,0.0013348733413423353,0.005840502687745246,0.0,0.0
4.781369209289551,-0.9141633075526734,1.3310979048358362,4.309875174159668,-1.5848296324359339,-0.11595327058901006,-0.24572094392412006,0.9992515460472166,0.3186209757691646,0.9956894720920418,0.09245569487166412,0.0027352447680760125,0.006851137637455071,0.0,0.0
4.783626079559326,-0.9129380148700257,1.3246539274798792,4.315685911769531,-1.5870898405658167,-0.11901647249330694,-0.24773997641479703,1.0004843108281547,0.32082759348445417,0.9954414560624714,0.09502561337733163,0.0038524148752219264,0.007183262080564399,0.0,0.0
4.783614158630371,-0.9216060203364869,1.3266547361956995,4.320711775416992,-1.5882042090045374,-0.12469464937318975,-0.24750683220825895,0.9979608819595128,0.32774997482076773,0.995161937689588,0.09794047055530387,0.004417468122458349,0.006392806636951148,0.0,0.0
4.78344202041626,-0.9383847874454041,1.3326709906207483,4.3267504411884765,-1.5894339720355433,-0.1308067480670374,-0.2468191304970068,0.9927190902852768,0.3401095619152764,0.9948732519607284,0.10091941548699634,0.0050957027371911654,0.00406422495216203,0.0,0.0
4.786624908447266,-0.9506628078273316,1.336135212575094,4.329361124629639,-1.5906875769244593,-0.13480645815004522,-0.24957510766218863,0.9884794811334783,0.3499088621333428,0.9945083725725125,0.10449032139887356,0.005822283633708917,0.0009852057760995595,0.0,0.0
4.788689136505127,-0.9668905895999451,1.3278535048114222,4.345351381892822,-1.5890477339373987,-0.13929349580873662,-0.25162933220430245,0.9859229119082576,0.3695546388091391,-0.9941617068374675,-0.10772769276518887,-0.005149540525388095,0.0032752254700492097,0.0,0.0
4.78832483291626,-0.9811874193004151,1.3223727385150355,4.358734293574951,-1.587794605885641,-0.1446612516986292,-0.2512262216728807,0.9833217741917409,0.3859705810277628,-0.9938679583623073,-0.1102860400005146,-0.004614696099665624,0.00649425143115597,0.0,0.0
4.7942423820495605,-0.9949411910823365,1.2988298575030726,4.386199160213135,-1.5845077673541468,-0.14503938356508428,-0.2574763512130268,0.9825826854367805,0.4120097501432067,-0.9934697719872975,-0.11347555277782148,-0.0030781274116327725,0.01147328204626591,0.0,0.0
4.806906223297119,-0.9901886147311707,1.253470245991842,4.417613669032715,-1.5801928679095667,-0.14110261598695928,-0.2711861055531494,0.9889680757624372,0.4336745901402246,-0.9928947178782699,-0.11789861851328509,-0.000922524350391435,0.016097947413027256,0.0,0.0
4.8285393714904785,-0.9711080950549622,1.1992409865008753,4.445253058070801,-1.578566853200094,-0.13123590150942022,-0.2943022004779786,0.9982020213221066,0.44767953479108663,-0.9921207524509849,-0.12369183388061009,0.00027094706461455276,0.019916560321284332,0.0,0.0
4.848523139953613,-0.9602114719203492,1.1587474981891077,4.468441649074219,-1.579620663319723,-0.12524825731386358,-0.31543340854224466,1.0018821811943623,0.4611897867953301,-0.9911664587015622,-0.1305968119754032,5.158433646003367e-05,0.02309807753735192,0.0,0.0
4.865155220031738,-0.9730016154101868,1.1444008986102503,4.486332102412842,-1.5836918989764612,-0.12565642992128545,-0.33120150346774146,0.994074693258792,0.48200288491919374,-0.9899032754209571,-0.13900266256127272,-0.0016774812328100692,0.027693883231699273,0.0,0.0
4.8778910636901855,-0.9872507613948365,1.1698091665851038,4.466097517604492,-1.5901458899127405,-0.13351089159120733,-0.34206776656918936,0.982544283921194,0.4820272484743158,-0.9882877032353481,-0.14906893802712715,-0.004819182078975922,0.03228998038641392,0.0,0.0
4.888396263122559,-0.9936564725688477,1.224039379750387,4.412377043361328,-1.5988453070269983,-0.14591008821596319,-0.3499730660142833,0.9709411577607687,0.4580339119783554,-0.9864215731021726,-0.16011469367192452,-0.009224226150252958,0.03536493518882973,0.0,0.0
4.901069164276123,-1.000903920536377,1.2555182615863245,4.384078188533447,-1.609793488179342,-0.15802175203432256,-0.35959767757846434,0.9602980056301018,0.44751130295857533,-0.9842975347685434,-0.17187504403946297,-0.01463681511808592,0.037457922102001946,0.0,0.0
4.920624732971191,-1.0105807942203064,1.2441523710833948,4.399769945735596,-1.6231382528888147,-0.16619712511171514,-0.376273828110642,0.9519403740747462,0.46269969359662333,-0.9816685621743134,-0.18510637763023527,-0.020941036531414606,0.04029808913855316,0.0,0.0
4.936941146850586,-1.015735463505127,1.2355054060565394,4.409770174617432,-1.6322386900531214,-0.1704166571246546,-0.390913223884033,0.9452663327857093,0.47305588846943736,-0.9795314056257032,-0.195109805366533,-0.025313510198438985,0.04253957503550506,0.0,0.0
4.942242622375488,-1.0231321615031739,1.2556517759906214,4.39472930013623,-1.6425169149981897,-0.18639928499330694,-0.3936698991189019,0.9384849233245314,0.46888179361656773,-0.9773019114235548,-0.2050325456306432,-0.03062049080985952,0.043646474114730986,0.0,0.0
4.947057247161865,-1.0325907629779358,1.2935999075519007,4.3646437364765625,-1.6536214987384241,-0.20445281664003545,-0.39489578521189994,0.9281582971904427,0.45613605622948716,-0.9746855184466712,-0.21607773638137429,-0.03655009859702112,0.04430171851286705,0.0,0.0
4.966682434082031,-1.0341143769076844,1.2958272139178675,4.363188906306885,-1.668335262929098,-0.21109277406801397,-0.410900235773185,0.9199215520906846,0.4564466065819076,-0.9715802251372084,-0.22826019774176065,-0.04356572156603553,0.045068571684209725,0.0,0.0
4.984088897705078,-1.0292944473079224,1.2563465277301233,4.395902796382568,-1.6824987570392054,-0.21887427965273076,-0.42743658931272843,0.9201977604763282,0.47440317522682907,-0.9683055936251387,-0.24019653305441835,-0.05031495334676311,0.046457597146418256,0.0,0.0
4.995423793792725,-1.0292545718005677,1.219377342854635,4.428584261531494,-1.6942985693561,-0.2335436979876917,-0.437979081361425,0.9202693479013914,0.49590999464715435,-0.9647467094556335,-0.25247403391277995,-0.05621527548162431,0.04858489062312652,0.0,0.0
5.002760887145996,-1.027338520889618,1.2331889311419886,4.410463019008301,-1.7059920469867151,-0.2535961310016077,-0.44324132145799744,0.9169944274756313,0.48734433496155016,-0.9609707286749999,-0.26497122989496585,-0.06221028197145871,0.049551859448670806,0.0,0.0
5.011743545532227,-1.0236190122416993,1.2517336050616663,4.387174769038818,-1.718959156666891,-0.27249128023256475,-0.4498918706169834,0.9126829811815156,0.47369381399814,-0.9567981093539898,-0.2780122760633921,-0.06906003678665688,0.04977211682968817,0.0,0.0
5.022939205169678,-1.019503430729248,1.2553256193744105,4.379750891322754,-1.733940903340475,-0.29171783128847295,-0.45871937041340927,0.9091948358093661,0.4683850075619206,-0.9520991623239434,-0.2918645054511408,-0.07668007514868795,0.049421267031487526,0.0,0.0
5.026344299316406,-1.020536021595337,1.2621963659869593,4.374690695399902,-1.743763271962301,-0.3111327330218714,-0.46037814779528163,0.906579842796076,0.4654759153711586,-0.9483668734185708,-0.302542792643435,-0.08202069589635776,0.048381168510829076,0.0,0.0
5.038588523864746,-1.0231191676906128,1.2633193174945276,4.379238768214844,-1.7528741995440882,-0.3246052900897425,-0.46983646355192366,0.8998516096381878,0.4668596184587238,-0.9441634242748487,-0.3144331260806276,-0.08657032443275792,0.046827517683127345,0.0,0.0
5.0566725730896,-1.0176712435534974,1.2462003866778772,4.3953868585773925,-1.7621215025531214,-0.33291703859438115,-0.4864219973049441,0.8951842186974773,0.47116042979163486,-0.9396157324249237,-0.32685612746448256,-0.09090287708546742,0.04498904595654727,0.0,0.0
5.065325736999512,-1.0163104695132752,1.2337835470782679,4.409656210536621,-1.7691634337054651,-0.3498180548297327,-0.4940560088154162,0.892861640849318,0.4766811798246016,-0.9351262316552306,-0.33872792645907596,-0.0946063170440571,0.04303449177558046,0.0,0.0
5.065618515014648,-1.0085632365993042,1.2204120794879358,4.418293161983154,-1.7750194708453577,-0.3733466307269495,-0.49514259174102276,0.8970948680196932,0.4770553231426363,-0.9308312432800827,-0.34973478543418485,-0.09802028481789721,0.04038316673043792,0.0,0.0
5.066397190093994,-1.007343665962555,1.2166112104998987,4.424375219936035,-1.7793343702899378,-0.39360076585878545,-0.4956696842492199,0.8974066834487724,0.47776813408096636,-0.9269059223358269,-0.35962351633295725,-0.10049013101910506,0.0376572862385471,0.0,0.0
5.068243503570557,-1.0074748557857056,1.2131674925433558,4.431545897121094,-1.7828758398639124,-0.41047984758485967,-0.4969786250808885,0.8965310398508228,0.47943743108230996,-0.9233139346911466,-0.3684489060932652,-0.10249903199413818,0.03508176227178001,0.0,0.0
5.0715742111206055,-1.009419934158661,1.2030566374408167,4.447930021876953,-1.787349049245016,-0.4243858496295374,-0.499437502993961,0.8949993507734842,0.48621371103432093,-0.9199090957130726,-0.37646832314645684,-0.10487012131055254,0.0322663128969191,0.0,0.0
5.06898307800293,-1.0156074327281495,1.1973055044757288,4.460159464473389,-1.7895024458514612,-0.43847495714296514,-0.4961831334392627,0.8945149612384269,0.4950862529750724,-0.9175933423647346,-0.3818043040238261,-0.10618060449228747,0.031202735560351264,0.0,0.0
5.067737102508545,-1.014431194668152,1.1877759138690394,4.470219298,-1.7921021620379847,-0.45022899309267217,-0.4951769686424795,0.8964117222994062,0.499170840128235,-0.9154841481168375,-0.38656735637596984,-0.10759391615691875,0.029631110969725965,0.0,0.0
5.072169780731201,-0.9981506627849122,1.1509302298175257,4.496363325709961,-1.7950752417193812,-0.4545677343951624,-0.5022417001785081,0.9033394076731447,0.5047928351385034,-0.913595137161276,-0.39084593651693794,-0.10893044078831189,0.026786906001461074,0.0,0.0
5.071242809295654,-0.9834816616824646,1.1188605467425745,4.5169874864765625,-1.7971513907061976,-0.46420556703676397,-0.5041584830512933,0.9120184235812041,0.5094302770950186,-0.911776284412175,-0.39492884938750206,-0.10996649571138926,0.024547523825212855,0.0,0.0
5.069263458251953,-0.9784035843661805,1.118471924458639,4.515484018916748,-1.798769776021139,-0.4744012991534632,-0.5029720091842951,0.9148624349508051,0.5047650298366522,-0.9100166799055088,-0.39887393414182537,-0.11078846874209597,0.02225178981024288,0.0,0.0
5.068700790405273,-0.9802430433085938,1.132890526448385,4.5065600115009765,-1.8010600248919886,-0.4825556913958948,-0.501351903065454,0.9130589518056261,0.49789798033705013,-0.9083797323493553,-0.4023856139646585,-0.1119562574821313,0.01994682786292718,0.0,0.0
5.068771839141846,-0.9798352879336854,1.1368621031390589,4.509811087245605,-1.8045204321490687,-0.4877741972552698,-0.5006760621243156,0.9122267404350303,0.4943162045294582,-0.9070537183183562,-0.40513544019869896,-0.11345290955600536,0.015724646041402654,0.0,0.0
5.069963455200195,-0.9736166161349793,1.131064240132467,4.521728678340576,-1.8078067938434046,-0.49093372026552373,-0.5020748323813373,0.913388336880485,0.4905955860375722,-0.9058018270074707,-0.40776224995036237,-0.11473357746029325,0.009444782078420888,0.0,0.0
5.069599628448486,-0.9703810972026368,1.1252706686602991,4.53356043874707,-1.8105881849872034,-0.49467355409731084,-0.5017153542532753,0.9145060842957504,0.48975331343624684,-0.9048117328530743,-0.4097322288653326,-0.11582309344787041,0.004498860370120194,0.0,0.0
5.069479465484619,-0.9678940933993836,1.1151121298419397,4.5489393907734375,-1.8134334723102015,-0.4972432295428675,-0.5017102115688207,0.9156589628183431,0.49241099118996307,-0.9039784004376336,-0.41126473753582804,-0.1169796308036769,0.0003649367610526976,0.0,0.0
5.070054531097412,-0.9605471652797242,1.1023553053485315,4.561917467708252,-1.8162506262408655,-0.49945241609682256,-0.5030750219393795,0.9185449004248093,0.49211088354291777,0.9030854017164,0.4128873854814178,0.11810357262220211,0.0035085967165850713,0.0,0.0
5.071286678314209,-0.9548567098430176,1.0955756346331995,4.570438547725342,-1.8195632139789026,-0.5010064283954065,-0.5045911843030128,0.9200624441623333,0.48986557480054405,0.9021542056744438,0.4144901227368138,0.11942196454203044,0.007356746730462205,0.0,0.0
5.0728936195373535,-0.9535570305636902,1.092767063771383,4.578194304103516,-1.8223841826068323,-0.5023387114154261,-0.5057847886907466,0.9194394362551986,0.4896162971068908,0.9012056179506657,0.41612061844975257,0.12066939232853412,0.010533889605295079,0.0,0.0
5.074604034423828,-0.953864650135376,1.0919559637652796,4.585697813625,-1.825233284627096,-0.5032356421100062,-0.5068226767518489,0.9179335434101663,0.4896667376583903,0.9003173256703879,0.4176059593728531,0.12183849898376876,0.013760667112529556,0.0,0.0
5.07565975189209,-0.9538248342326661,1.0892756620990198,4.593437357539795,-1.8282573858844202,-0.5043876806842249,-0.5073851535012253,0.9171741645050986,0.4906171245010349,0.899528909674863,0.418832131152508,0.12312544827742475,0.016355750055675494,0.0,0.0
5.074882984161377,-0.9542449873736878,1.0895803610431116,4.597236319179199,-1.8304098288165491,-0.5067051092730921,-0.5063318249267093,0.9170892777013053,0.49045700593347963,0.8989425589800143,0.4197185869500743,0.12408169030169096,0.018501825719955397,0.0,0.0
5.058845043182373,-0.9830724161914368,1.145517651234762,4.567528887385986,-1.8267181555377405,-0.5231788794146937,-0.4865128290378515,0.9094507683185392,0.4854371998691754,0.8991368473879914,0.4198391553646214,0.12216688743471778,0.01905950960591942,1.0,0.0
5.036503791809082,-1.0150727790645142,1.2146528402911585,4.524476690883301,-1.822521988545553,-0.5444639364825647,-0.4603042587471895,0.901336419394133,0.4757744901436743,0.8998222750659624,0.4190044419713177,0.12004373685790315,0.01856480930715098,1.0,0.0
5.013331413269043,-1.0394005340388794,1.2766225973712366,4.481059237117432,-1.8183382193194788,-0.5657084623919886,-0.4347897792066002,0.895625296839591,0.46293281875884573,0.9006157398089406,0.4178972736223993,0.11798851809163599,0.01821723101626527,1.0,0.0
4.987727165222168,-1.0576348465732117,1.3275030295001429,4.442797346706055,-1.813270394002096,-0.5877836386310022,-0.40859728368124293,0.8930372324073692,0.4509168605997393,0.9018095369802209,0.4160123809006775,0.1155530398171704,0.01790957670857927,1.0,0.0
4.960143566131592,-1.0702036780169983,1.3679397741900843,4.411657972926758,-1.8064592520343226,-0.6097424666034144,-0.38193405523972757,0.8932920678661925,0.4396412730706978,0.9034169783595725,0.4134232874690374,0.112142749284168,0.018518973323089414,1.0,0.0
4.933535099029541,-1.0792176586440583,1.4075425306903284,4.379945440883301,-1.7989748159991663,-0.6293357054339808,-0.35660966774489017,0.8930799406304304,0.425659994123627,0.9052774527759389,0.4103318324399126,0.10820584038319842,0.01979941637970532,1.0,0.0
4.91008996963501,-1.0849203330329438,1.450205151234762,4.344698114986084,-1.7925031820880335,-0.6438825766192835,-0.33414854820861833,0.8908800315973907,0.4071938947565359,0.9074242782247285,0.4064050274326238,0.10456717327312692,0.02195083687440003,1.0,0.0
4.88976526260376,-1.0868978959373017,1.4932592550860804,4.307429476375244,-1.7866233030902308,-0.6538313070880335,-0.31495050349765963,0.8873249456673699,0.3855100255002425,0.9097108336159583,0.40201549106781037,0.10099277486395969,0.024702298851374507,1.0,0.0
4.8728227615356445,-1.0774793785861512,1.5236037413226526,4.274181528682373,-1.7791340986834925,-0.6579716841327112,-0.2997518033343211,0.8872108082670286,0.36119204509878244,0.9124987970825876,0.39656041396363323,0.09642649397802226,0.028066254807664514,1.0,0.0
4.863181114196777,-1.0473764699748536,1.5131705443011683,4.264448805446289,-1.767538849507467,-0.650574032460348,-0.29381565679399335,0.8998972670153702,0.3402740444006911,0.9162388598745931,0.38924589286630623,0.08943211546715933,0.03155761818462403,1.0,0.0
4.853531837463379,-1.0371462863734742,1.463407341633932,4.305018587703369,-1.7485030333148401,-0.6339972654925745,-0.2894545351708755,0.9171257621056936,0.35686033456513905,0.9219943555154391,0.37766098673190995,0.08022146876704132,0.02937862228234477,1.0,0.0
4.8415069580078125,-1.0427073401263733,1.4237244764911097,4.345001383418701,-1.7284625212298792,-0.6207163969623011,-0.28164599474575774,0.928025128002616,0.3824263511635596,0.9275280350717056,0.36610506375607305,0.07113023436523169,0.02448093558935003,1.0,0.0
4.845263481140137,-1.0509226483157654,1.4147451559649866,4.354925318355225,-1.7057693640338343,-0.5900686422931116,-0.2872984483257925,0.9268544707959452,0.3948969115641791,0.9332003667258919,0.3536502925821029,0.061417443512010554,0.017217541395418878,1.0,0.0
4.867674350738525,-1.043793873195984,1.4228418509112757,4.334592505092285,-1.689035717641012,-0.5452287832843226,-0.31020673164621504,0.9209352128363626,0.38515251366872133,0.9376966625428064,0.3430340931792487,0.05416168377139772,0.010912927371704458,1.0,0.0
4.883269786834717,-1.0215254586986084,1.386613670979635,4.344673796291016,-1.6775153318988245,-0.5131548086749476,-0.3284138375759813,0.9304192637692158,0.3856744598014978,0.9408316103817012,0.33524862343453327,0.048980348015788,0.006720632416484206,1.0,0.0
4.887772083282471,-1.0029465121081849,1.3244202772723597,4.381521387691162,-1.667170826588766,-0.4964192549334925,-0.3372489795222764,0.9472203680571917,0.4038699052221223,0.9431187275120775,0.3294783528818994,0.0443510599938715,0.0020160048736096977,1.0,0.0
4.891308307647705,-0.9850290578654786,1.3079927603351038,4.377231760615967,-1.6611183325396937,-0.48405677476991826,-0.3429054804478692,0.9551555167795038,0.3974691031546977,-0.9447239788715787,-0.32522540136693456,-0.04153310929097102,0.00020708305969821642,1.0,0.0
4.894654750823975,-0.9869471949389954,1.3427332083331507,4.3402392107197265,-1.6569979826556605,-0.47427255312074834,-0.3453496556677074,0.9473074836256448,0.38089300055551356,-0.9458799160092048,-0.32204871558865034,-0.03984728341122327,0.0028290073993635,1.0,0.0
4.893494606018066,-0.9928282660296937,1.3817532698260706,4.304352446193359,-1.655154053364889,-0.47079736391176397,-0.3427352063254119,0.9383325271400778,0.3657162726370609,-0.9466773052978054,-0.31976309986855483,-0.039172536529844905,0.004376297334048998,1.0,0.0
4.8944268226623535,-0.9910369080356141,1.3995650450335901,4.284313364619873,-1.6556819120990198,-0.46708518663515264,-0.3429413240780736,0.9346485410145612,0.3546688161696373,-0.9471338780951747,-0.3183641113939247,-0.03950179555094236,0.0046171082944530505,1.0,0.0
4.894693851470947,-0.991324858074524,1.4100506941424769,4.274683161372803,-1.6567028204547327,-0.4653871695147913,-0.342664078161999,0.932077186097221,0.3493564379368222,-0.9473329727914628,-0.31771708503473167,-0.039970600548051294,0.004294604865551103,1.0,0.0
4.891170501708984,-0.9855491083911438,1.4090593496905726,4.271289511317871,-1.6579583326922815,-0.4678567091571253,-0.3395544115623422,0.934873014651718,0.3448501868143758,-0.9474866878975714,-0.3172064325798282,-0.04046652711106,0.0033934599509597,1.0,0.0
4.887439727783203,-0.968069390659668,1.4071810881244105,4.259620829219482,-1.660766903554098,-0.4713242689715784,-0.33657531338630975,0.9408912021091449,0.33032701452293567,-0.9474813223946239,-0.3170908466827045,-0.0416083491732821,0.0011331118456217085,1.0,0.0
4.8876166343688965,-0.9630474609187623,1.403513256703512,4.2620555597492675,-1.6642511526690882,-0.4704206625567835,-0.33650498271499396,0.9427005050024794,0.32725213817592697,0.9475252635507947,0.31677030385683413,0.04302828042216212,0.0010082714702159387,1.0,0.0
4.896097660064697,-0.9672972720912476,1.3837655226336878,4.291223688716553,-1.6697829405414026,-0.4609316031085413,-0.3443638997689921,0.9427587578726393,0.34047039810970886,0.9475185912859246,0.3164545142532971,0.04530749676488234,0.0035057542907071986,0.0,0.0
4.901763916015625,-0.9651659292033692,1.3652055899249476,4.310528917903564,-1.6762917677508753,-0.4537442366229456,-0.3499213403020168,0.9453495056640573,0.34836139378641984,0.9475870774906638,0.31576413116124696,0.04843271493744515,0.005100604716444753,0.0,0.0
4.903226852416992,-0.9609952133945008,1.3608201185809534,4.313118620509766,-1.6818426291095179,-0.45162707964052373,-0.35100465519106716,0.9467740196139395,0.3468261097950558,0.9475490123735837,0.3154400908138364,0.05104086755119805,0.00657632852174182,0.0,0.0
4.903310775756836,-0.9595395487597962,1.360312287007467,4.314229174251221,-1.6862447897540491,-0.4514067808734339,-0.3506666032947756,0.9471560153838756,0.3455667156758587,0.947426911021255,0.31544254293842644,0.05307342032888367,0.007839797947361523,0.0,0.0
4.904510498046875,-0.9584439557841797,1.3557146231280726,4.3193699556538085,-1.6887367407428187,-0.45048839250673467,-0.3516695846448148,0.9478784204543754,0.3468550886814663,0.9473201482410206,0.31555352423303523,0.05416851970344375,0.008733931180158604,0.0,0.0
4.907684803009033,-0.9558326166919251,1.3486178557025355,4.325421019191406,-1.6904833952533167,-0.4479306379901331,-0.3549784025622831,0.9488430897285984,0.3481157689171252,0.9471347698978095,0.3159468675832853,0.05498162260664115,0.009503982874269241,0.0,0.0
4.910387992858887,-0.954752044086792,1.3428319136248987,4.331387682552002,-1.692047421132223,-0.44619733492006475,-0.35759805796722044,0.9493499295733883,0.35016649306505504,0.9469388967516176,0.31639598986382383,0.05567240161327962,0.010044257838690026,0.0,0.0
4.910687446594238,-0.9543687862208863,1.3413193861590784,4.333523913020752,-1.6935027281390589,-0.44636851945985967,-0.3578476336071389,0.9495560516195057,0.35056328219928445,0.946803553619825,0.3166665860323206,0.05632365501717029,0.010627795115294644,0.0,0.0
4.911667346954346,-0.9540367287448426,1.3392065207110804,4.336018725032471,-1.694674317036764,-0.44658071199526006,-0.3586626290689273,0.9497397680552758,0.3513443654716271,0.9465763413520417,0.3172300866484503,0.056895766448958766,0.011007900698376519,0.0,0.0
4.913786888122559,-0.954200879936554,1.3367460409747522,4.338944597835205,-1.6959384123431605,-0.44595414796938115,-0.3606047488801248,0.9494104036487124,0.35263000233511466,0.9463064415979933,0.317917672253175,0.05749808006823193,0.011244689757116075,0.0,0.0
4.915489673614502,-0.9664315742305298,1.337421719227926,4.348644419307373,-1.6971376577960413,-0.44525367418398076,-0.36139902403507257,0.9455558848405516,0.3628792721708155,0.9461044755120538,0.31841965412787054,0.058208571822390524,0.010344440417269299,0.0,0.0
4.919515609741211,-0.995345489387848,1.3346784750567835,4.375705881709717,-1.697686020527975,-0.4430483023272913,-0.36350498878582765,0.9363487490399081,0.3901373917014833,0.9458318320685999,0.31919407857320303,0.058773350196018696,0.007935928193719466,0.0,0.0
4.9250898361206055,-1.016852394943573,1.3192718664752405,4.407485170955322,-1.6988170782672327,-0.44015533128847295,-0.36781582018723485,0.9303216883409618,0.4183991477682145,0.9453718612086637,0.3204425633057807,0.05968514746128967,0.0051274583774324044,0.0,0.0
4.931499004364014,-1.0268109005740662,1.28984243074526,4.442023916835449,-1.7010157744037073,-0.43605119386781865,-0.3737754936123262,0.9295696078386132,0.4435723775223366,0.9449613710454083,0.32142863943097477,0.061033247331910546,0.0025650936934338655,0.0,0.0
4.934920787811279,-1.034910873775818,1.2636984030352991,4.473367853755615,-1.703667942677633,-0.43502551714052373,-0.3768476380867073,0.9291134506573203,0.46545351241636007,0.9444975182453448,0.32252790113688756,0.062440835371051114,0.0011545972389183086,0.0,0.0
4.950184345245361,-1.026357726459839,1.225208584462301,4.50464837133374,-1.7041786352740687,-0.42523461977113897,-0.392652074364267,0.9309302236125029,0.47950058700233644,0.9435707013661297,0.325194814153398,0.06262333486319716,0.000991111385671098,0.0,0.0
4.966926097869873,-1.0029227894595643,1.189883057271139,4.52333323537793,-1.7092064062701624,-0.4158590475665491,-0.4110095614241681,0.9367473171981124,0.4779617202967257,0.9421351422226384,0.3288886647766429,0.06480527921670926,0.0037277011964812574,0.0,0.0
4.971337795257568,-0.9878847760013123,1.1750195662127894,4.532206698054932,-1.7219904104815882,-0.41761953035463506,-0.41548901593702914,0.9417177703769333,0.47198878982405434,0.9405938671909965,0.3319653739013864,0.07076878618475149,0.008599211308921311,0.0,0.0
4.975701808929443,-0.9817096155932923,1.1507886091815394,4.559794111842773,-1.7372759024249476,-0.41892844835390264,-0.41860161358004017,0.9440579332024728,0.47887328574155397,0.9389633131145734,0.3348145823331011,0.07782896311613215,0.013774780661848939,0.0,0.0
4.999131202697754,-0.9544430536082764,1.0860250631915491,4.612997217769287,-1.7579882780658167,-0.40117055574526006,-0.4425404253387585,0.9491837110166437,0.4894757512918684,0.9368017015897646,0.33801990993126185,0.08788848019761016,0.020511641502751435,0.0,0.0
5.017974376678467,-0.9232720893672486,1.0400617758380335,4.647956057185791,-1.784121338521139,-0.38691789308656865,-0.4619846832410504,0.9549829085188529,0.48495818198413176,0.9341813987761027,0.3409979563398296,0.10075579061806944,0.029559746441931163,0.0,0.0
5.02023983001709,-0.9033054274371644,1.0148962179767054,4.6730286318012695,-1.814486328755514,-0.3865116278277796,-0.46323465775159756,0.9623854483541444,0.4788903238947949,0.931446457249202,0.3427375614302973,0.11553047448584117,0.03988948141803828,0.0,0.0
5.023330211639404,-0.8824190658381958,0.9775317350970667,4.706934137935303,-1.8410947958575647,-0.38339358965028936,-0.46595341090324793,0.9701450847014023,0.479028324998352,0.9290517599204811,0.34364317684677875,0.1281742071277958,0.04841040200691423,0.0,0.0
5.03084135055542,-0.8726600569537659,0.9579380194293421,4.736912150844493,-1.8717425505267542,-0.37457591692079717,-0.4708726136216511,0.9705645327979993,0.47968015724849167,0.9260577778919217,0.3442378465950151,0.14350760420010902,0.05764429298940091,0.0,0.0
5.047654628753662,-0.8976953786662598,1.0039141813861292,4.734898044704952,-1.9004467169391077,-0.35822803178896123,-0.4792028381397098,0.949281728370154,0.4764069888754121,0.9225662287243778,0.34578563766704257,0.1584945854749318,0.06467853411762915,0.0,0.0
5.0649237632751465,-0.9249343437007447,1.0558212439166468,4.725382957584717,-1.9226554075824183,-0.34330827394594365,-0.4874895077557148,0.9260725020485022,0.4719454042615164,0.9192970209147435,0.34789291691932206,0.17047532546382135,0.06929407696655689,0.0,0.0
5.08044958114624,-0.9127766054919739,1.0360215345965784,4.749137396901407,-1.946385685597555,-0.3297842184649866,-0.5010752053583346,0.923362271283262,0.47091615980422274,0.915594901259897,0.3501783515167298,0.18311009568976588,0.07437601610996762,0.0,0.0
5.085982799530029,-0.8791173857501526,0.9666240851031702,4.799463289767065,-1.9684212843524378,-0.32322436967958623,-0.5100087340259857,0.9368018830112305,0.4777896482147822,0.9124532008086766,0.3510903284243619,0.19435058131070224,0.07995366886557922,0.0,0.0
5.094964981079102,-0.8450455230525513,0.904309097920553,4.8473910866077325,-1.9886325041400355,-0.3121069113360804,-0.5217641363251349,0.9467655261894887,0.4794142459173617,0.9091722122160273,0.3518732680661579,0.20504133761915283,0.08688579643419955,0.0,0.0
5.106893062591553,-0.8335423034480591,0.8811610380755823,4.88026704171256,-2.0090978781329554,-0.2992356459247034,-0.5323346996786854,0.9442003401507112,0.4802182522722298,0.9051875474859381,0.3535481634240962,0.21632336533194255,0.09403936211663688,0.0,0.0
5.109196186065674,-0.841971294288971,0.8962462584124964,4.884677651315489,-2.024557892476217,-0.29678231874574834,-0.531019396753925,0.9387164145710927,0.4795764483787588,0.9023592910591555,0.35464972383278387,0.2242744885074701,0.09834753189206714,0.0,0.0
5.1071085929870605,-0.8416667741588135,0.8982833067523401,4.889879169851103,-2.040769402180807,-0.2997329870807093,-0.5272718796458699,0.9397342871765122,0.4782223531291592,0.8995220768541197,0.35595275025958145,0.2318578658887142,0.10197844311530845,0.0,0.0
5.1047258377075195,-0.8320795458606263,0.8878758589373987,4.8972564963395975,-2.0568254629718226,-0.30347949663271123,-0.5248954029670454,0.9451727048581211,0.47496055812620114,0.8965925951842796,0.3574005351943851,0.23938994290057325,0.10525697573817067,0.0,0.0
5.108924865722656,-0.8274030250361939,0.8821852842914026,4.907134222775259,-2.0709341208087366,-0.3017695585833948,-0.5279908968451287,0.9446267349800959,0.4735316990416415,0.8934200472596162,0.35957288200037973,0.24654655566111544,0.10827168409241097,0.0,0.0
5.111567974090576,-0.829698459511139,0.8869136015521448,4.910462829261579,-2.0844128767596644,-0.30314809480776006,-0.5285842811644158,0.9422686412263303,0.47325432432888204,0.8903168262549812,0.3621138088412816,0.2530449063041187,0.11035313193225293,0.0,0.0
5.111772060394287,-0.8282761734775086,0.8859651724444788,4.911097246199407,-2.0932539145099085,-0.3104184309588831,-0.528220779743297,0.9429980245276682,0.47279245533788133,0.8876191749251938,0.36564633033100624,0.2569297818861375,0.111454244425812,0.0,0.0
5.112411975860596,-0.8239225310138245,0.8858702818499964,4.9022332457597635,-2.0932133833514612,-0.32438594499696904,-0.5297392470416292,0.9448583567387815,0.46906894983486513,0.8854070849841027,0.3716313171986332,0.25619086110775713,0.11095359670614029,0.0,0.0
5.112435817718506,-0.8240837615779419,0.8886531035052698,4.893051999598303,-2.090968910847799,-0.34091359773744756,-0.5302020535774856,0.9454158418108899,0.46802932207964365,0.8832823880613487,0.3782556080114118,0.2542334048440636,0.11000133549167748,0.0,0.0
5.112867832183838,-0.8241157692721863,0.8933842817889612,4.878337609558859,-2.0811942259417933,-0.35758668581117803,-0.5318456327169174,0.9456577711407239,0.4657638676310115,0.8823649955516168,0.3846903977646301,0.24874397418582786,0.10757205863571723,0.0,0.0
5.115355491638184,-0.8186655801585694,0.8990686575519007,4.8442945061023615,-2.056979004536764,-0.3803022543536585,-0.538194793522372,0.94746941206615,0.4582301124544142,0.8828523547649779,0.393430799969547,0.2363364153716479,0.09964448851058354,0.0,0.0
5.115434169769287,-0.8186862033656617,0.9080989996539515,4.806785616069593,-2.0299466292010706,-0.40652162233461553,-0.5420792842432344,0.9489831813329017,0.4543726323607644,0.8835764099007434,0.40249704695442756,0.22213438190825346,0.08913569113501667,0.0,0.0
5.110924243927002,-0.8285888594440003,0.9231146017657679,4.77655720242814,-2.0071614424334925,-0.43406516710390264,-0.5393551999584038,0.9488343751013893,0.4568076171216905,0.8836285141782999,0.4105426475202249,0.21011621806950126,0.0806632407128788,0.0,0.0
5.106564998626709,-0.8383797568133851,0.9357097784625452,4.756034302502432,-1.9913151899920862,-0.45727712312807256,-0.5357116136243785,0.9481652705528417,0.4604318542031795,0.8828387533002768,0.4176259382690582,0.20149876761258326,0.07471651762971925,0.0,0.0
5.104162216186523,-0.8431445521167298,0.942728344594137,4.741890071868458,-1.9812396208392542,-0.4750936667071741,-0.5340318036534039,0.9481962485779765,0.46191168306747443,0.8815255324410736,0.4236144754904778,0.196102183832973,0.0707633047938536,0.0,0.0
5.1034417152404785,-0.8448588413051148,0.9469469229327601,4.72974978850738,-1.97302753130068,-0.48985559145082647,-0.5342561961930616,0.9484029906943067,0.46174392593095726,0.8800548290160318,0.42912153511036544,0.191826533376221,0.06753359995548842,0.0,0.0
5.102510929107666,-0.8475501102260132,0.95038348833193,4.7238608477409265,-1.9686782995807093,-0.5009949843036097,-0.5335387386305457,0.948113442460281,0.4628614321202382,0.8786725911916718,0.4332087090559249,0.1895000733886912,0.06598798430239226,0.0,0.0
5.101990699768066,-0.8488912743381043,0.9529026190387171,4.718636977463522,-1.9658673445331019,-0.5093343893634241,-0.5332320379235238,0.9480592139635725,0.4630408635813844,0.8775055921816581,0.4364193293272926,0.1879387514623624,0.06481612745453207,0.0,0.0
5.101799011230469,-0.8493439120105286,0.9546950499164026,4.713316888583851,-1.9630993048297327,-0.517306152974264,-0.533352284536333,0.9482362653832697,0.46278923052461096,0.8763368025088306,0.43956444459504623,0.18648542904338383,0.06356172095650409,0.0,0.0
5.101635456085205,-0.8497084540179749,0.956250015889303,4.707928343410156,-1.9607442061053675,-0.5247300306903284,-0.5335427270076049,0.948438703165326,0.4626040197826835,0.8752383166459463,0.4424818911789015,0.1852179125996085,0.06214491053784309,0.0,0.0
5.101595401763916,-0.8510776323131104,0.9597623983966272,4.700695677394531,-1.9581921736346644,-0.5294116179095667,-0.5336551994158663,0.9482462899483998,0.4624697133181653,0.8747765305203018,0.4441584512676015,0.18408020652691864,0.060031403310569546,0.0,0.0
5.102964878082275,-0.8533643049052735,0.9668844381915491,4.691148443812988,-1.9550169149981897,-0.5240643660174769,-0.5349099284824901,0.9466190030580816,0.4609735917896673,0.876262277330572,0.4421172436033225,0.18286188028688832,0.057081494146382215,0.0,0.0
5.1042633056640625,-0.8553061050227662,0.9724944273578089,4.6820618349262695,-1.9539507071124476,-0.5101779142962855,-0.5361458508871466,0.9453762284620162,0.4601855845995364,0.8794759183599862,0.4361795138533958,0.1829347944002743,0.052956602205990896,0.0,0.0
5.104330062866211,-0.8553708356669922,0.9729231039630335,4.674916430110596,-1.9538829962359827,-0.49635059038271123,-0.5364928914817224,0.9460216174359809,0.46075125627242486,0.8828712613804524,0.42958204590091903,0.18346204461124432,0.04836610233553503,0.0,0.0
5.104186058044434,-0.8559112709811707,0.976013485585348,4.66696755468335,-1.9518669287311,-0.48663026491274053,-0.5366390381113286,0.9461891408287066,0.4600041233675632,0.8854730741996452,0.4248503032315815,0.18283516202328273,0.044843709027945454,1.0,0.0
5.104478359222412,-0.8560193342021485,0.9782617727862757,4.660710974330566,-1.9475930372821253,-0.479774300252096,-0.5374094638926467,0.9461330904564358,0.4591724711976874,0.8874691938371152,0.42172314830731367,0.18104538936022038,0.04207829800828899,1.0,0.0
5.106117248535156,-0.8560265463641663,0.9815204779254358,4.651996775264404,-1.9400132338153284,-0.4679754416095179,-0.5398911212935217,0.9452581726431692,0.4576480939866027,0.8905649609868613,0.41696641105428667,0.17771726442493926,0.03807408883078066,1.0,0.0
5.10784912109375,-0.8549699944308777,0.9832723776446741,4.641993685359619,-1.926570240651266,-0.45532161394228154,-0.5432213128908954,0.9447506750220857,0.4559452252550102,0.8943468989197596,0.4118313874958836,0.1715801454999135,0.03314794618152376,1.0,0.0
5.108644485473633,-0.8524710100940247,0.9844768683062952,4.628420515651367,-1.9062097708331507,-0.44602758089174444,-0.546819055093331,0.9452691509133833,0.45316909630375424,0.8982228969897084,0.4077192317969971,0.1619129667915557,0.027291876649268885,1.0,0.0
5.106093406677246,-0.8547258538058777,0.9893606344806116,4.614364309901855,-1.8875344435321253,-0.4413827101336878,-0.5464241763471104,0.9459118300318994,0.4531576491575614,0.9015992100828476,0.40409956675361497,0.15287240483790485,0.02127045760207945,1.0,0.0
5.103866100311279,-0.8590948742679139,0.9963725248919886,4.601334257716797,-1.8705294767962855,-0.4359386602984827,-0.545522648003267,0.9454714768332758,0.4540680955149837,0.9047984474930053,0.40025464040579717,0.144528927749909,0.015728359461002154,1.0,0.0
5.102710723876953,-0.8613091868213196,1.0018671194659632,4.589213533992432,-1.8551490942584437,-0.429084602986471,-0.5459099021222381,0.945165401483846,0.45363097070798186,0.907760805481096,0.39634491738245,0.13698655546450997,0.010756863826389972,1.0,0.0
5.10169792175293,-0.8625270289233704,1.0057652632342737,4.576792879695557,-1.8404267469989222,-0.4211042563067835,-0.5465464994756266,0.9453769189975799,0.453325725783452,0.9107363479865869,0.39198720550081695,0.12990825652312854,0.0054018577207853875,1.0,0.0
5.101130962371826,-0.8631677192500611,1.008730713521139,4.56706873952832,-1.8299296537982386,-0.4146817366229456,-0.5472818512608502,0.945547104569414,0.45284082056598535,0.9129269219545632,0.3885934372623257,0.12473159967969631,0.0012663840498991024,1.0,0.0
5.102478504180908,-0.8600878876498719,1.0125001112567347,4.536740465755127,-1.8030088583575647,-0.3899114767657679,-0.5526245726303738,0.9468839835219613,0.44983921083512896,-0.9193860191084856,-0.3770931837023429,-0.11129036864241154,0.012022167879321958,1.0,0.0
5.102842330932617,-0.8598397535136719,1.0119589010821741,4.537320299739502,-1.802908722554342,-0.38978368440736944,-0.5529747956378523,0.9467731549005792,0.44986994936110697,-0.9193444439834495,-0.3772003663179211,-0.11127945132360545,0.011939877700598265,1.0,0.0
5.103593349456787,-0.8712567848018189,1.0155475775348108,4.536282702083252,-1.7889702955829065,-0.39667016664613897,-0.5539271910568137,0.9423958751694305,0.4592876984072388,-0.9186858181919182,-0.38059637907114247,-0.10446225205126691,0.01582408251237325,1.0,0.0
5.083522319793701,-0.905990020637848,1.051110569630758,4.513158007259033,-1.766043488179342,-0.42154008546938115,-0.5325664318008758,0.9391562665830142,0.4745775295582837,-0.9189049619480197,-0.38235720215886476,-0.0937808470628211,0.02493578931441712,1.0,0.0
5.059544563293457,-0.9404735130122681,1.0947135130511683,4.486402197475098,-1.7479847113238733,-0.44538671175111944,-0.5062723638126646,0.9361451544360245,0.4840827661426642,-0.9196165444330007,-0.3820183612427821,-0.0857089504912309,0.03195870279247638,1.0,0.0
5.034909248352051,-0.9748222392848511,1.144827667866842,4.456825419063232,-1.7319191137896937,-0.46664268175234014,-0.4791032995254321,0.9313866974676046,0.488833231070354,-0.9207275916029898,-0.38029314959895627,-0.07894296350156918,0.03749441215239879,1.0,0.0
5.010228157043457,-1.0099010032466431,1.201226059590475,4.423914118404053,-1.7157581488238733,-0.48467713991274053,-0.4524166748017403,0.9243721357038014,0.4898528162664993,-0.9223049871678696,-0.3772622635435382,-0.07237906000973855,0.04228435672194076,1.0,0.0
4.9858245849609375,-1.0453279179385682,1.2645633856402796,4.387431307429932,-1.6984713713275355,-0.49874622026552373,-0.4260642478334289,0.91443712814475,0.4863205771314661,-0.9244911680684649,-0.37274328170401533,-0.06519540207873803,0.04613117878092941,1.0,0.0
4.961167335510254,-1.0789912802032013,1.3299091498004358,4.349135561580322,-1.6807692686664026,-0.5106633345233362,-0.40007946139748307,0.9032937927284544,0.47941219488997533,-0.9270423792357961,-0.36716338660452824,-0.057822907834758575,0.049396214100485246,1.0,0.0
4.9355950355529785,-1.1069483918002625,1.390350643788473,4.3111159044453125,-1.6633899847613733,-0.5248358885394495,-0.3746873300130076,0.8938518383477142,0.46998264635228454,-0.9292310240349319,-0.36225286625141495,-0.050788568774833426,0.0521831979226106,1.0,0.0
4.907674789428711,-1.128509209757187,1.4404471556292933,4.277965708369873,-1.6491039435016077,-0.545016113911764,-0.3479035404747241,0.8876621253161989,0.4605216743358641,-0.9306336701579686,-0.3590157707460927,-0.04537439459126365,0.054495987369480636,1.0,0.0
4.669103145599365,-1.2438701850226899,1.7677696386920374,4.051949663753174,-1.5664423147784632,-0.7605302969561976,-0.14226135716390598,0.8322218479846846,0.3778821857008652,-0.9341258819362491,-0.3502418660163298,-0.021837402932757457,0.06528858873782098,1.0,0.0
4.669095993041992,-1.2438659530929108,1.7677777449237269,4.0519420343586425,-1.5663984457599085,-0.760561768208639,-0.14224013268414343,0.8322375343505335,0.3779163068829355,-0.9341337999982203,-0.35021403004176926,-0.02185225700741057,0.06531964273072721,1.0,0.0
4.67110538482666,-1.2469657820514222,1.77197772661318,4.050757570857666,-1.5677321592914026,-0.7591155211078089,-0.14378716089576535,0.8298661013822595,0.3779090627816557,-0.9340400268027248,-0.35047957377549294,-0.02229107778944383,0.06508766816762358,1.0,0.0
4.674587726593018,-1.2544677418521424,1.7785981337176722,4.0504185396381835,-1.5703700224505823,-0.7561796347247522,-0.14651929532319127,0.8253781765839115,0.37995483157127335,-0.9339359852705604,-0.35064845300973346,-0.023582533865329446,0.06521581031528208,1.0,0.0
4.676028728485107,-1.256612942819931,1.7811697165118616,4.0487000185200195,-1.572355095540182,-0.7555101553546351,-0.14754309227330578,0.8238416268352968,0.3802894489543993,-0.9338073758747358,-0.3508795542035982,-0.024702908317204546,0.06539946119423168,1.0,0.0
4.678236961364746,-1.2544666093638916,1.7815292517291468,4.044410868281982,-1.5743253866778772,-0.7539995352374476,-0.14914431856901242,0.824225529204878,0.37896062120066576,-0.9336338254103984,-0.3511600921616319,-0.025771535709277482,0.06595678638142632,1.0,0.0
4.680387020111084,-1.2556492251208802,1.782666031514303,4.042781038875244,-1.5763543287860315,-0.7525342146502894,-0.15067424491128012,0.8234263808123351,0.37937445062994307,-0.9334898842093995,-0.35137405030154506,-0.026926165968167198,0.06639197571742751,1.0,0.0
4.700077533721924,-1.2745039922050019,1.7813532988177698,4.059388800258301,-1.5809620062457483,-0.7361014525042933,-0.16642712999578302,0.815262258629257,0.3933818057021019,-0.9328334657169393,-0.35274317236625086,-0.028541526813596035,0.06767097483164994,1.0,0.0
4.726667404174805,-1.2978890401175995,1.7797020117389124,4.079277678126953,-1.5855944792376917,-0.7160304228412073,-0.18742194522693095,0.804072324734218,0.41068666067411697,-0.9315365703351007,-0.35559596251501474,-0.030005781330976075,0.0699341308522226,1.0,0.0
4.7371673583984375,-1.3053553265384217,1.786001984273092,4.07432667791333,-1.587491814290182,-0.7145503203021448,-0.1955494086700666,0.7985371500691477,0.413385309459906,-0.9297477965322652,-0.35958247992427705,-0.0315182067759649,0.07263661347097633,1.0,0.0
4.7401442527771,-1.2976613205722352,1.788041893635885,4.058395548457764,-1.5893099943744105,-0.7214844862567347,-0.19776571419504746,0.8005145084732574,0.40800227601234573,-0.9277527885598903,-0.3639979888229916,-0.033562448035647896,0.07519168527183848,1.0,0.0
4.747696876525879,-1.2958075267127533,1.7876947561847132,4.051093741054199,-1.5926340262042444,-0.7242062727557581,-0.20342208813291485,0.8002472554635688,0.40779449417691715,-0.9257296384853456,-0.36842429486829137,-0.0358847985171427,0.07746261431153391,1.0,0.0
4.749935150146484,-1.2957158547690888,1.7861617247210901,4.046209498042725,-1.5952237288104456,-0.731814209614889,-0.20494557700897167,0.8008286310768024,0.40930177029317705,-0.9237242181013876,-0.37268930818669366,-0.038324588679377596,0.0797964558038781,1.0,0.0
4.7572855949401855,-1.3012783986381073,1.784945313130514,4.045278711909912,-1.5999348799334925,-0.7353876272784632,-0.21009954381155868,0.7986541526141357,0.4145843275234037,-0.9214002962570066,-0.37742015920294597,-0.04166749468181023,0.08270028640618314,1.0,0.0
4.782248497009277,-1.3257592481425782,1.7811854521380823,4.06367747365918,-1.607589069996969,-0.7235277334796351,-0.22869773533923474,0.7869225165866741,0.4340937123995278,-0.9185790155602973,-0.38290351785125204,-0.04535117207743885,0.08683754591542348,1.0,0.0
4.797589302062988,-1.3495191645673295,1.775031868611471,4.083581133479736,-1.6095565001117151,-0.7226088682757776,-0.24010201393095934,0.7772261781947972,0.4543790557218912,-0.9154045328506328,-0.38912019002479215,-0.04716324653807081,0.09162776395598403,1.0,0.0
4.799249172210693,-1.349689395432808,1.7616236845599573,4.097486658687256,-1.602356259022848,-0.7340329329120081,-0.24247313241704763,0.7797349410852717,0.46162393127470797,-0.9127027563704129,-0.39555230915535,-0.044238393137027994,0.09249331764173492,1.0,0.0
4.79761266708374,-1.3339388233474274,1.7407639662372034,4.109447641963623,-1.591780964528219,-0.7436702887164515,-0.24343427444344148,0.7898125848450112,0.4612091664833585,-0.9112088440087771,-0.39994208297093486,-0.038618765601806555,0.09084802591388985,1.0,0.0
4.77305269241333,-1.328144521718361,1.7150467077838343,4.142132444972656,-1.5655096212970179,-0.7740462462054651,-0.2275496294598404,0.8021303565449811,0.46879673961620194,-0.9100982328829155,-0.40401634471890363,-0.026604148761950705,0.08822822095011705,1.0,0.0
4.760634422302246,-1.3369406026652833,1.7076943556415003,4.1662279802509765,-1.5491116682635706,-0.7899563948260706,-0.21914986901061106,0.8023157144166189,0.4777747790304299,-0.9093266058350697,-0.40641497537620885,-0.01876728956641094,0.08717672024547364,1.0,0.0
4.756707668304443,-1.3406364631703873,1.7129753271686,4.172384901637695,-1.5370729605304163,-0.7981603781329554,-0.21727914019346897,0.7997681890555691,0.4764785026277322,-0.9084724403705605,-0.4088945800231251,-0.012259818598012506,0.08563144494176521,1.0,0.0
4.752089977264404,-1.329321951871254,1.7118075529681605,4.171869440669678,-1.5295961538897913,-0.8058608214007776,-0.2145417175931042,0.8044090050184863,0.46823291101030123,-0.9080476656494586,-0.41058581868017247,-0.007527087927736168,0.08253523704836468,1.0,0.0
4.7483954429626465,-1.3237771552852173,1.7104056517230433,4.17828814565625,-1.5232856909381312,-0.8126452604876917,-0.2123739501750566,0.8065942207329853,0.4637740049535548,-0.9076511143712789,-0.41223460307014326,-0.003070291355223419,0.07888383816201579,1.0,0.0
4.745400428771973,-1.321215183739998,1.7016690413104456,4.194452925319336,-1.517416779194967,-0.8179181257831019,-0.21070982049074174,0.8090800882584501,0.4653204705982556,-0.9073735757620247,-0.4135257592708512,0.0012994797615811743,0.07528580065757493,1.0,0.0
4.741841793060303,-1.3148040932467957,1.6859830061541956,4.213362379665039,-1.5119760672198694,-0.8228142897235315,-0.20865277532172893,0.8145480289765887,0.46798819949533166,-0.9072742406786547,-0.4143092673769577,0.005366012483995039,0.07192001860790222,1.0,0.0
4.741598129272461,-1.3109883827022095,1.678969685231344,4.225502653712891,-1.5073087851153772,-0.8242891470538538,-0.20903459547875225,0.8166301048845869,0.46795385485229246,-0.9071910980973812,-0.4149610092286934,0.00915552362008113,0.06875935383650669,1.0,0.0
4.740818500518799,-1.3095548015883942,1.6746543089496058,4.236487551326416,-1.5027993361102503,-0.8266995588885706,-0.2089473545419643,0.817397525061091,0.4682069926376858,-0.9069871761687036,-0.415779646018105,0.012720447695692493,0.0658766911206164,1.0,0.0
4.739638805389404,-1.308848337536194,1.6721184889422815,4.245086832637451,-1.4988868872271937,-0.8292525450335901,-0.20843044823434934,0.8177310287400185,0.4682723128741916,-0.9067993325769942,-0.41644723526394584,0.015758154212471592,0.06354802321669695,1.0,0.0
4.739359378814697,-1.3088130813888093,1.6725133101092737,4.249171419734619,-1.4963215033160608,-0.8305400053607386,-0.208500902866827,0.8172481706966058,0.4674548764068067,-0.9066423429097874,-0.41694422544676385,0.017768098750697566,0.061979589998925534,1.0,0.0
4.739643096923828,-1.3093950313380738,1.6745713392840784,4.252087755794189,-1.4941557089435022,-0.8317278067218226,-0.2089484286940751,0.8160859177608875,0.46625002094541357,-0.9064162437675134,-0.41758144740455644,0.019581741854280035,0.060430813364205464,1.0,0.0
4.74077844619751,-1.3096923393062134,1.6760051886187952,4.255101843471191,-1.4924562613116663,-0.8320873419391077,-0.21003854750051967,0.8150044384512892,0.46513684359171964,-0.906173061007988,-0.41826032624151144,0.021209312662378597,0.0588119720137588,1.0,0.0
4.742409706115723,-1.3095821005157013,1.6761367956744593,4.2583629327961425,-1.4908354918109339,-0.8318832556353968,-0.211530796490565,0.8143208411379552,0.4645718822827679,-0.9059378742343175,-0.41887092126328607,0.022665428345191696,0.05753257951614112,1.0,0.0
4.742713928222656,-1.3090049189380188,1.6761334578143519,4.261735602016113,-1.488972012196676,-0.8325865904437464,-0.21202177882981033,0.8140532056579733,0.46361026407777156,-0.9057729014259182,-0.4193412576004332,0.02429280751341728,0.0560198198825859,1.0,0.0
4.742646217346191,-1.3086933952621003,1.6755378882037562,4.265755339259766,-1.487030331288473,-0.8335378805743616,-0.21218854819090638,0.8139024791032767,0.4633171457711037,-0.9056208333494662,-0.41973946974653686,0.025892334672871435,0.05476559819359733,1.0,0.0
4.740182399749756,-1.3083467346480866,1.676892105733053,4.268201037044189,-1.4849193731891077,-0.8360684553729456,-0.21049409443292597,0.813848557579552,0.46193485813381613,-0.9056782257919944,-0.41970109081707385,0.027481030601407056,0.05331733911503918,1.0,0.0
4.731062412261963,-1.3142240804484864,1.695068661366598,4.263631983394287,-1.4825661818133753,-0.8436177412616175,-0.20311554795583353,0.8089346567660457,0.45536197654266436,-0.906121257713219,-0.4189444376381918,0.029673621370150154,0.05049059998667222,1.0,0.0
4.72822380065918,-1.3263074618628998,1.7270696798907679,4.25063340246167,-1.4826181570636194,-0.8435543219195765,-0.20057818731603544,0.7971993657333576,0.44565955315220845,-0.9069163313100063,-0.41750287989306,0.030943553104885686,0.04729280923613172,1.0,0.0
4.747766017913818,-1.3340206158212204,1.755747143422262,4.2308875757404785,-1.4858539740191858,-0.8231356779681605,-0.21488823638136248,0.7839447079458545,0.4358594204948924,-0.9072449040399292,-0.4170111789090837,0.030568746929916613,0.04554022913392942,1.0,0.0
4.780621528625488,-1.3315536093762894,1.7721546331988733,4.212277098292969,-1.4913070837603968,-0.7917359511004847,-0.2399271325913035,0.7732393912758334,0.42544884002805894,-0.9070995984197049,-0.4176369367103263,0.029464719499239022,0.04337669820141022,1.0,0.0
